id,label,consumer_complaint_narrative
12228,0," @user âmy mom says my smile is captivatingâ¦ i says happy sunday!""ð pugsley luigi  #smile   sunday #pug #pugs  "
14710,0,"in 3 days i will be meeting my sis-n-law, couney bowers, on our first le-vel lifestyle getaway!   #sanfrancisco #getaway #vacation"
19320,0,hating the conservative homophobes using this tragedy as a way of spouting anti-islam trash. not in my name you bastards!!   #orlando
4309,0,awee if this doesn't  #scream   #friday #acewellstucker #cynthiabailey #atl #kandiâ¦ 
24056,0," fathersday  #fatherÃ¢ÂÂs #day #god! #ÃÂ« #tony #a. #smith buy things about ""happâ¦  "
2276,0,grooving fuuuunn nightâ¨â¨â¨  #bangkok #lastnight ð #ãããäºãéãå ´æã«åãã£ããã©w #thailand#night #friends 
22305,0,a very   #koala bear   
15298,0,treat people the way you want to be treated. #behavioralhealth #doctorstrange #prevention #lifegoals #lifestyle  
21897,0,and now for the final roundup. tissues ready   #royalascot @user thank you ever so ð
29842,0,@user our global media platform would very much like to suppo you..  #roku tv #mainstreammedia won't  
16306,0,maybe my dress is falling off..ð¤ð #werewedrunk #bestfriends #smiles #weloveclothespins  â¦ 
17904,0,got a wee @user collection staing! #signedcup #signedleaflet #autographs   #practicallyfriends ðâ¤ 
27110,0,made an awesome pork in oven... and my daughter eats everything but the pork.  
27516,0,"yall animals are cool, but the lack of sympathy for a baby child who was attacked by a gator while walking along a disney reso beach  "
13229,0,happy bihday for me.  gracias tias!   #work #pay #ballons #friday #colors #awesomeâ¦ 
2533,0,i hardly see him this   #mike #mikeperez #classreunion #woodrowwilsonâ¦ 
24262,0,save $$ no logins x brokers   #me #change #memes #love   #education #university 
16470,0, @user #paintnite pay with @user lola_shwgrl and sisters and friends.    lifeâ¦ 
30261,0,why am i not surprised a murderer got endorsed by our president. this is so screwed up. what happened to america?   #killary
20439,0,early doors but ready to be immersed in all that is #smaccdub   @ the convention centreâ¦ 
28338,0,  hour with hubby at #blend #lic #yum #yummymojitos #howmanymoredays? @ blend restaurant 
1123,0,"@user #bestseller #inspiration   #motivation ""never go to bed without a #dream or wakeup without a #hope"" "
7673,0,new logo and website design underway   #journey #lifteachotherup
5941,0," @user don't fit in, #beyourself and #standout || you're #amazing and capable of #thriving ðâ¬ï¸ #inspiration #quote   "
2528,0,it's officially been 1 month and 1 day without seeing @user   #comehome
24867,0,i am now. #i_am #positive #affirmation     
24186,1,"these kind of people need to be erased of eah''s surface -_- , "
24460,0,song of the day!   dance  
26399,0,- - *top poetry id   poetry #ishq-o-muhbt #new poetry #lajawab #classic poet #urdu_sms - follow @user send 40404
11275,0,best #essentialoils for #anxiety !!     #healthy   #peace !!  #altwaystoheal !! 
11424,1,"@user sick of liberals thinking it's ok to dictate where they think israeli jews should be allowed to live, including in isrâ¦"
19600,0,brittany9 - na: #slut #nude #sexy #naughty #horny   #xxx #kinky #wet #porn #snapshot #shy #nasty #hot #young 
24707,0,the time is finally here !!!   ðð¯ð» 
9133,0,thank you @user  a dear john letter!  it's not me it's you..... you need your space you've changed.    ð¢ 
30612,0,getting to know our acts: @user is on sunday at 1.15pm/2.15pm/4pm/ and 5.15pm...only 18 days to go!   
12805,0,#smallscale #woodland #beekeeping. #bees are   in their #natural #habitat. my bees winterâ¦ 
26761,0,i am trying to cope. why should this affect me so much? perhaps being too engaged with the news is a trigger.  ð 
11357,0,seeing my babe tomorrow morning. #soexcited #loveofmylife  
22200,0,#model   i love u take with u all the time in urð±!!! ððððð¦ð¦ð¦  
26494,0,"#emotional week, hard saying goodbye to such #fantastic teams.    two weeks   "
21042,0,  #humpday everyone! ð« #batman #earings #piratesofthecaribbean â #dress #cute #wednesday #sexy #kheperacosplay 
19337,0,makes me so   that there's still so much #hatred in this world ð¥ ... #rip to the #victims ofâ¦ 
14582,0,i miss you... darling... #locutorio #lyrics #love  
15376,0,#officeselfie #ciprexcel   ð¾ð¾ð¾ @ city university london 
16986,0,even the refs can't save the @user   #nbafinals
19961,0,oh boy!! reunited and it feels so good!#2sisters   #bae #timeless #beauty #sistersister ð­ 
26111,1,i despise this  #antiamerican #muslimpos @user &amp; everything he stands for! trying to destroy the usaâ¦ 
10766,0,life is not easy without any male guidance in life. still mourning for my father and brothers. i miss you guys so much... #depressed  
23969,0,shocked by what's considered racist these days.    
22850,0,  fathers day to my lovely dad #ebenezer_acheampong
15504,0,i wish i could get my snapchat working ffs.  
17009,0, â #cad cpi preview: what to expect of usd/cad   #blog #silver #gold #forex
18941,0,#depression #anixiety   #sorry #i #do #restinpeace #loveyou #missyou #wish #you #wa... (vine by samantha .) 
27641,0,@user #review #2016 out today featuring someone you might recognise   #transpo ð 
22522,0, â #nz: kiwi flying high in the aftermath of rbnz - mufg   #blog #silver #gold #forex
10338,0,"hey bitches, let's go pay! ððð. . . . . . . #summer #celebrate #end   #friends #barcelonaâ¦ "
17965,0,  mornin folks have a #positive day â¤      - happy buddy ð   ||harr harr mahadev|| ð @user 
6761,0,@user i think we have been saying it for around 60 years! ð­  
28024,0, @user genuine appreciation by my former students for my educational services &amp; mentoring #contentment   #thankyou :-) htâ¦
1685,0, @user yay!   congrats @user for a great album that is #number1 #rickastley50 
19259,0,"of those who say nothing, few are silent. [thomas neil] #quotes #news #follow #followme   #like"
11404,0,you almost sound pleased it's happened so you can point the finger of blame somewhere that suits you !   
21496,0,5 things you need to do every day    #blog #blogger #write #grateful #love #thankful #blessings #eat #drink
30501,0,jump for joy! #chihuahua #dog #puppy #joy   #run #sony #porait #animal 
22198,0,this year's #bbuk is going to be a good summer the housemate i'm backing is @user seems a nice quiet guy but we will see  
25114,1,history won't forget how barack obama was treated â¡ï¸ by @user  via @user  #corruption
19685,0,@user #wrist #anyway #liquor #royalty #little_more...  father's day  man  shout outs to u...ð
16145,0,a sad day for the cherry trees and window gardens at st. frances school #bulldoze #progress   
30723,0,brookelle bones longporn   hardcore compilation  
29145,0,"if you want creative workers, give them enough time to play.   #success #quote  "
1521,0,"if there is something i have learn each day is to trust my instinct, "" i save to serve ""  â¦ "
13749,0,@user you have a lot of company tara. you are standing on principle while many are selling out.   @user @user
1428,0,i am thankful for my independence. #thankful #positive     
26866,0,theres  barely any father left in westroes to celebrate father's day with....  #gameofthrones season6
24003,0,"@user @user yes it should be, but the supreme cou said it's free speech.   ."
14049,0,@user little @user really is as week as #trump made him out to be... !
9189,0,"  #bihday to mike morse, the owner of lucid adveising. @user "
31512,0," @user to quote #metallica,   but #true. "
10445,0,  bihday ð afro beat legend #femikuti  #blessup #bihdayshoutout #seatsandtickets #musicâ¦ 
21865,0,contact me or click for assistance.   #scentsy   #pay #fun 
16740,0,"fallout 4 vr at e3, and not once did they mention psvr!   #e32016"
14304,0,"@user i don't know what the reply was to. but, i'm going to go with my prof to watch a bengali movie.  . (my first!)"
9634,0, @user tgif!! just gotta make it through the work day and tomorrow...   noheast comic con!  @user   #lookformeâ¦
18424,0,@user ewww and now he's   ð
26338,0, @user guys!  just hit 400 followers!! time to officially begin the #roadto500followers!   #twitch
16574,1,are you #hispanic &amp; feel like the  are stomping on you? listen  #retweet #boricua #miami #newyork #losangeles
25769,0,@user long story ð i'll tell you next week when i see you.   what time are you going up on friday? xxð
4336,0,played a baender today for an industrial in va. great people at double r productions. #actor #actorlife   
3790,0,friends with benefits com    in paraguay
21581,0,always be   #sinus 
28114,0,shine #forever #inlove   
10715,0," @user i tried to create a  @user collage and hope, someone will like it :)    #davidlabravasunday :) "
30653,0,anyone who says sunshine brings happiness has never danced in the rain. #dancing   #neoballet
23747,0,@user still blocking   #customers #worst #car #dealer
10644,0,i don't feel right in my own home! #scared #neverious #wtf #thanks #home   #icantsleep
3133,0,sunday funday!! #sunday   #silly
30792,0,"put on the lord jesus christ, and make no provision for the flesh. romans 13:14 #good morningó¾°â   independence day.ó¾°ó¾®"
15672,0,finished my second blog post  
6224,0,#1   #country #sofia #bulgaria - at #mixtape5 tonight w. @user (dj) - @user @user @user âï¸ 
12224,0,this is whats wrong with america!  @user must step down! #prolife   #orlando 
15760,0,i am enchanting. #i_am #positive #affirmation     
30669,0,im kind of miserable and it feels permanent but it's whatever.   #grunge #quotes #depressed  
14161,0,"we all have a gift of our own, let that shine and brighten the world around you. #positive   #gratitude "
22292,0, @user i am thankful for passion. #thankful #positive     
20514,0,the bast gift from the god..  father's day
5134,0,"the first step to happiness is noticing it. âï¸ to do: notice, at least once this #weekend, when you are  ! "
5187,0,  after sex mother porn gallery  
17391,0,  warns #rahulgandhi not to play politics on #udtapunjab'  
15761,0,a good boyfriend will never wanna change anything about you.... except your last name. #love #girl #single   #kisses #baby
10444,1,the latest the equality echo!  thanks to @user @user @user #equality 
18829,0,just try &amp; wipe the #smile off my face mr p yes im 39 i have #parkinsons but i'm #positive &amp;   #youngpdnetwork 
15297,0,always! #dramafree #gettingthere   
14092,0,the fosters coming back 6/20/2016 just a day and a half left   #thefosters
1556,0,not feeling myself rn #pain #hu    ðð . hate crying
23846,0,"madeira, happy cow #cow   #madeira #natur #pougal   â¦ â¦ #em2016france"
13767,0,"mcds , dq, and little ceasars because mex lost ð«ð¢   #depressed"
19081,0,so many shit talkers/bullies in the youtube comment sections.  
1299,0, @user find out about making schools   places @user @user and i #educationfest  
17467,0, @user set-up day @user getting ready for the arrival of our hospitality guests tomorrow. @user here we go!â¦
7555,0,are you putting off being   ?  why?  
10994,0,ferrero ... the king of sundaes  #ferrero #king #sundaes #diner #desses   
8242,1,uk 2016: where it fell to pop star @user to do the job of the #bbc #euref #brexit #media  
31296,0,heading to galway now for #stalab #demoday @user &amp; tomorrow @user in limerick #ireland #staupland  
25942,0,setting up for the atlanta 2026 little miss natural pageant!   #adorable #childrenâ¦ 
11712,0,#oseaaa #vids #anikka #japonesas #movement #happyend   click to watch â¡  
1457,1,@user #feminismiscancer #feminismisterrorism #feminismmuktbharat why  #malevote is ignored  @user
12786,0,  #national chocolate ice cream day @user @user @user @user ð«ð«ð·ðð 
6651,0,"there are people that ""don't like me"" and dedicating their lives to getting my attention to make me see the shady shit they say ):  "
7031,0,this is love   #love #bird #valentineday 
5158,0,aw elijah blocked me again #hu #crying   ðð
29243,0, @user welcome to #fascism. it will only get worse if you don't figure out how to fight back.  #trump2016 
25034,0,i am thankful for eyesight. #thankful #positive     
10135,0, @user time for some happy. ð   @user 
27617,0,@user that is what i call serive.   
22044,0," @user there's so much mayhem going on with shootings and bombing, i can barely keep up with it all.  "
2266,0,"detroit may have had stronger claim on red wings' tv revenue  via @user of course kevyn orr won't comment.  ,"
20093,1,"@user in #pueorico, #environmental injustice and  inflame protests over #coal ash:   tyâ¦ "
18713,0,movie time ðð ð#restday   #wellspent 
3106,0,it sucks when you want comfo and the person that should give it to you is being insensitive.    #huing
30766,0,happiness is living in the moment... ð   ð
21945,0,go with god #goodbye   #editranked 
30116,0,some poor cat on my road as been squashed and killed on my road in #buxton hope the car driver is proud of themselves  
7725,0,i'm so ready for dead by daylight  only a few more hours until full release!  #deadbydaylight   #gonnagetkilled
8280,0, @user yup you saw it right! stay tuned for all the juicy updates &amp; chef line ups! #monsoonpunemarket #chefdemos   
12253,0,just finished all of my work for the week =) the weekend stas now!!!   #greatweek
19048,0,i am great. #i_am #positive #affirmation     
9359,0,#summer2016 #beats1 #instrumental #upbeat   #vibes #nowplaying ð­ listen now:  
12302,0,going to meet littleun's (who isn't quite so little anymore) new teacher in her secondary school ready for next term. #nervous   #sad
14001,0,"happy, happy,   ð kids ð« on #frocchair  #highchair #baby #kids #toddler #family #homeâ¦  "
23333,0,"""@user yakang yaka! #aldub11thmonthsary   are proud to be a fandom of aldub!  #aldub11thmonthsary"
13689,0,#male to #male #body #massage in #noida with   #ending #service...
14122,0,... via the paleo diet lifestyle   #health&amp;fitness #trousers #cdn #pants #abdominal ... 
14801,0,#quite   for this #movie @user @user @user @user @user #bestofluck #udtapunjabtoflytomorrow
4689,0," @user this deserves to be said, over and over again. @user  "
14735,0,so glad to finally be over this stupid sore throat  hopefully that's me for the rest of the year  #healthy   
25109,0,new pic profile ð·  #inshot #girls #cute #summer #blur #sun   #fun #dog #hair #beach #hotâ¦ 
26887,0,apple hasn't updated 13' #mbp in 391 days. but you can replace your words with pictures in #ios10 so they got that going for em.  
2857,0," @user ok, here goes, i have been accepted to speak at a conference in the usofa later in the year   #suffolkhour :) "
24919,1,sea shepherd suppoers are racist!   #antiracism #seashepherd 
25690,0,"  fall  how keeping up appearances ruined a former dallas banker, via @user "
346,0,happy father's day 2016 to my dad and all of the dad's out there!!  #fathers#day  #2016 
26242,0,feeling so so blessed today. (can't stop crying ð­)  
3965,0, @user i have noone to send my cute selfies too so i always send them to @user ðª  
6907,0,it's confusing sometimes for the man who doesn't like cats. #themanwhodoesntlikecats   #catâ¦ 
24204,0,big school board meeting tuesday. changes coming for wchs &amp; mbm.  
15325,0,have a great night! 
28579,0,#wishing all #loving father   #father's #day. . .
4255,0,we are on @user tonight just after 7!   #onair @user
29083,0,when your homeboy got nothing but new level trolling for you  
31499,0,@user ready to rock and roll !!!  #competition 
21659,1,save the date! 1-4-2017 sourcenation! live wed 8 #thependulum @user #newshow  #policebrutalityâ¦ 
29454,0, @user  buffyday ì£¼íday to this lil bean !!! ð 
26243,0,planning a vacation ðð   #somewherebeachy
1982,0, @user caption this!   pearlman  
15222,0,ð   #music vishakha singh answers on her marriage !  
5408,0,@user i wish everyone could copy your style..we should be led by prunciples not greed of power   bihday dr mutunga
22897,0," @user i could proudly say ""we have the best head of the banking regulator"" - will be hard to match @user rajan!   "
11766,0,#ty for the #recent #follow @user @user   to #connect :) have a great #tuesday. &gt;&gt; get free? 
8868,0,happy 17 weeks to me ð1ï¸â£7ï¸â£ð¶ð¼ðâ¨#pregnant #17weeks   #bump 
3032,0,it's raining in #coimbatore. nothing comes close this city climate. #cool  
19813,0,today's mood ð   #fashion #outfitoftheday #sancris #nature #fashionblogger #shadeson #redlips #crazyhair 
14207,0,"hubby is always  , slamming doors, yelling and stomping his feet. i don't want my kids to walk on #eggshells. sadly they already do."
20447,0, @user this time 2 weeks today i will be on the wonderful isle of bute  
3471,0,plan to be there for an autographed copy of   endings 
26153,0,maybe someday #relax #remember #instamoment #instagood #photooftheday #fashion #followme  â¦ 
8761,0, â #dollar's appreciation is a drag for the fed - nomura   #blog #silver #gold #forex
2650,0, @user #opening the couain and see this view ððcelebration #blessed  ð 
25445,0,cutie with a booty and me ð #booty #cuties   #bliss #life #cali #sf #sanfrancisco #giantsâ¦ 
15965,0,i'm so   and #grateful now that - #affirmations 
19247,0,saw a miller lite beer...  
8377,0,ð¥ how to: braid sho hair by adding extensions! #anya #howto #diy #salonaks #braids #hair   @user 
25409,0,even my dog is upset about what happened in orlando #prayfororlando #wtfiswrongwithpeople #prayingfororlando   
3059,0,diy essex girl fucked   hardcore tracks  
24040,0,lol spongebob #love #instagood #photooftheday #tbt #cute #me #beautiful #followme   #followâ¦ 
3753,0, @user be happy for this moment. this moment is ur life #quotes #moments #inspiration   #life  httâ¦
15830,0,#flowerlove   bull up: you will dominate your bull and you will direct it whatever you want it to do. when y 
25090,0,that feeling when you finally have your life pretty much figured out ð   #life #goals #love
17934,0,damn even french twitter know more about american national basketball association than moi  
26644,0,how to be a scrumy father by @user #dad #fd   #fathers #day  via @user
15778,0,jensen will be loving life when pll and oitb comes back out #pllseason7 #oitnbseason4 #hermitpope  
12285,0,basic ð #june #summer #hot #hair #follow #me #followme #hastag #smile   #blue #eyes #blondâ¦ 
4121,0,congrats to @user for being a southern maine champ!   + #proud :-]
29426,0,these #clouds look a little   @ forge pond park 
18553,0,it'd be lol funny if it weren't possible.   
12130,1,ark man discoved racist graffiti on his car after a quick errand  #hoodiesup  #blm  
6236,0,@user @user yes you will. can't wait.  
15098,0,i get so excited when i see oppounities. i turn into a little kid that you just can't control myself. #joy   #gotmelike #yippe
20993,0,happy @user open for pizza &amp; drinks all day + full #euro16 action + h o l i d a y tonite til 3!   
929,0,re: 50 projects 2016---busy hands are happy hands!   
20331,0,dad is always there for me #youarethebest   #fathersday #love #hippopotabullybuddy #bulldogâ¦ 
2859,0, @user @user yeahhhh! come back soon! @user   #empty #nomorewhiskey #metalheads 
28610,0," @user if a sociopath can be worshipped as a god/leader, why can't a fixer?  #self-righteousbhakt "
28818,0,"happy #sunday to all my amazing #fans of # yesterday s #show...  to #feel your #love , #gioconda "
12794,0, @user just come across this poster @user   ð #cantwait xxx 
2142,0,back at the gym for a month and lost 8lbs #gym #weightloss   
15678,0,i am so n  for this game
10609,0,nobody is your friend unless you have a car ð.  
21909,0,ð installation day-makes me   kingsley_bates #outdoors #furnitureâ¦ 
18448,0,i'm so not going to make this... i'm so sad right now... ð¢ last time i saw @user was so awesome! â¤  
9301,0,well they kind of work.. snapseed stopped working within the editing..   #somad #headsetâ¦ 
4190,0,very angry man and the sunshine #wherearewe #noidontaskfoheway   #bad #lovely #flowersâ¦ 
10126,0,how to be  : 12 things you should do today  #happiness thursday #almostweekend 
16592,0, @user this #little fella's just   to heat my #space 
13500,0,i am in charge of how i feel and #today i am choosing #happiness. #love   #joy #feelings #womenofsteel 
13347,0,gutta wash my hair and decide on an outfit for tomorrow ð« x #bloggersball  
9508,0,she makes me feel like homes not so far away ð. #dababes #babes #loveher #smile   #lifeâ¦ 
3474,1,@user we were talking about obama and your  and #bigotry.  stay on topic.
5916,0,"blue sky,  blue over the sea and the sun so hott!! ðâð´#beach #pattaya #blue #osean   @user "
8048,0,@user many many   returns of the day.........
22417,0,"@user already digging in to #armorofgodstudy with the women of seabreeze church in largo, fl   #prayerworks #activatedlife"
1413,0,what happened to #humanity   
17891,0,"6/18/16 our single ""restless"" will be available! sign up at  to get it free! ð¼ð¥ð   "
28409,0, @user greetings twitter peeps ðâ¨ð» #scarlettmorgan #yellow   
9774,0, @user   #whatever doesn't #offend you.   
26057,0,can't sleep   #strongeogether #euros #wales 
14863,0,on the lookout for a new exciting hat. lemme know if you find one.   #ilostmyhat @user hat is no more.
19401,0,@user  fathers day to the father of nations pres jacob zuma
20179,0,@user it finally worked! got me &amp; @user tix for @user in manchester in september!  
11593,0,accepted my accommodation offer from @user   #frightened #whaaattttt #postgrad
27220,0,i'll finally be legal in less than 2 months   #praysgod
30681,0," @user #harrystyles #onedirection #1dfana   #1d i love harry with all my hea:) @user be happy, my dear:))) "
30888,0, @user enroute @user awards night! #super   @user @user @user @user 
19988,1,we live in a country where many think this first lady is less vulgar than a black first lady.  #trumpâ¦ 
25437,1,@user pay of #rich #white  #snobs  via @user #tcot #tpc #trump #2016
30430,0, @user **** big announcement tonight at 8pm****           set your alarms don't miss it             @user 
12579,0,"mayÃ­o wasn't   when he saw the #headquaers of #loreal in #brussels @ brussels, belgium "
11867,0,i know potential when i see it. so far i've only seen it in about 3 people.  
30126,0,smile and be   
12931,0,i love sunday morning market day. ðððâï¸ð¦ð³ #sundays #market #travel #balearics   #chillâ¦ 
15243,1,"don't forget, @user - research shows that sexist men have psychological problems. #tuckercarlson "
31691,0,#this #monsoon #2016 #gift #loveones with this #beautiful #umbrellas  ..   #monsoon #2016 
31449,0,i'm a gordo. #passpo #florence #firenze #italy #travel #lux   #instatravel #ricoâ¦ 
13843,0, @user 13.6.15 @user @user #brÃ¼ssel #13615#onedirection #oneyear   #storyofmylife ð 
22687,0,#tb felt like sharing ð   
22546,0,@user true dat ... thanks !   @user
25163,0,@user @user even worse then that you can spout such ignorant one-sided crap then!  
22243,0,@user great homage to the people lost in orlando #orlandounited  
30683,0,god please see me through in this hard times that i am currently facing...   #tdigcomms
15295,0, @user ha ha! it's pathetic! #remain just don't get it do they? brits don't like to be bullied or blackmailed!   
26024,0,bye basketball 2016 and the @user are the reincarnation of the @user of the 90s   #basketball
3350,0,the power to retweet myself = the power to use this photo again and again. 
30881,0,but not reading my dms!2!2!2!2!2!2!2     
22231,0,i well like to send my love to everyone in #orlando hope you are all safe be with your love one god is in all you heasâ¤ï¸â¤ï¸â¤ï¸â¤ï¸â¤ï¸  
9812,0,#babies   street dogs - roxie in pink  #bouncingbaby
1531,0,#model   i love u take with u all the time in urð±!!! ððððð¦ð¦ð¦  
3593,0,  3rd anniversary bts btsday  #3years with bts weâ¡you bts â¥rap monster â¥hobi â¥min suga â¥chim chim â¥tae tae â¥kookie
15923,0,such a joy having #barney @user stay with us! #holiday #stannes keeping us #active and indeed  ! 
1816,0, @user wish u many many happy returns of the day ð   b'day ððð  @user
10326,0, â #united states redbook index (mom): -1% (june 3) vs previous 2.2%   #blog #silver #gold #forex
12801,0,@user i wouldn't doubt it...  i've never heard of a more corrupt politician until hillary clinton.    #bernieorbust
4811,0,we did it ðððgood night everyone ð #crossfitgirls  #crossfit #runner #running      #lifeâ¦ 
12303,0,dress for the races has come and fits fab ððð»ðð»ð  
25159,0,i am inventive. #i_am #positive #affirmation     
16857,0,some days....  #dogs   #happy
7398,0,feels #1day #myhea   
24824,0,i am thankful for my parents. #thankful #positive     
16735,0,#catstokyo #roppongi #club #friends   #daily #ì¼ì #ë°ì¼ë¦¬ #ì¹êµ¬ #ì¹ì¤íê·¸ë¨ @ cat's tokyo 
8980,0,"@user public education, kids are just products on an conveyor belt, finished product is young adult w/ no idea how world works  "
22025,0,a smile reaches a bit fuher...  #fashion #skis #style #blog #jwlife #jwfashion #pumpsâ¦ 
2389,0, @user now we will see politicians using a tragedy to push their own agenda.  do they really care?  if they did then changes woâ¦
25597,0,so.cute. ð­ððððð   #sleep #dog #puppy #cute #tummy 
7582,0,future church plant peeps meet to chill &amp; grill in 4 hours. appreciate prayers from all.   #hopeful #prayerful #churchplanting
5261,0,laugh &amp; be  . #positips #plusfactorph  
20636,0,@user it just fn   i can't believe this and they justify it w/abt pay 1st what happened to country 1st
25134,0,newly trimmed hair ð always so refreshing #hair #haircut   
19245,0,finding dory with my best friend tommorow   #findingdory
11929,0,i'm really   about how impoant #a has become in the past 2 years.
26282,0,"more nonsense &amp; idiotic rhetoric from the gop nominee, as he gets more free press &amp; no pushback from the ""fair &amp; balanced"" network  "
7756,0,really can't believe it's been 16 years! i miss you dad &amp; think about you often.......... #ripdad #16years   #tellsomeoneyoulovethem #dad
8953,0,"no i don't, wish i did though... "
18281,0,"#boston   buffalo simulation: buffalo for you to take in the vicinity of their homes to do. in this way, you "
5533,0,aww yeah it's all good bing bong bing bong   
15190,0,the outcome  via @user   and #disappointing don't care about #animalwelfare #animalrights #timeforchange
1093,0,  freedom day #lgbt wehoððð 
9213,0,@user @user your customer service for sellers is absolutely appalling you should be ashamed of your company facilitating fraud!!!  
25137,0,done watching finding dory ðð¸ #findingdory #movie #marathon #adventure #alimallcineplex  â¦ 
28421,0,awesome trip to see this #monument #amazing   #statueoflibey #nyc #newyork #life â¤ï¸#ð±ð·â¦ 
15610,1,"ââall men are created equal,â and if we donât believe itâ¦maybe we should stop saying it!â - hube humphrey  #bigotry"
17632,0,â5 tips to wiping negativity out of your life.â    #success #flourish 
28884,0,great golf today. @user   bihday witcom #living the dream 
7114,1,@user i can't believe you keep a  like @user as your spokesperson. what a loser company you are.
2953,0,this thread is gold but now i'm   im single 
10520,1,@user no! the neighbor has not been arrested. the cop was more interested in the kid littering than the assault of the kiâ¦ 
25657,0,i am thankful for employment. #thankful #positive     
22740,0,1 week until we leave for hellfest!! i can't wait. i need a holiday   #holiday #festivals  
9195,0,edc is coming up @user harris#tiesto#armin van buurren#dimitrivegas&amp;likemike#hardwell #enteainment 
29261,0,aww yeah it's all good bing bong bing bong   
20312,0,nothing can stop me am all the way up. #love #dj #spin #music #media #me #model   #tbtâ¦ 
25202,0,@user ...right!! ...just enjoying every single day!!!ððð #yong forever 0622   28th anniversary
24326,0,ugh. i want to go back in time. ð©ð© #cabo #cabosanlucas #liveinthemoment #love   
12065,1,@user racist  austin police ofc cameron staff #cameronstaff #camstaff #officerstaff   #acab #cowardcopsâ¦ 
13634,0,not a gd day tdy. no wonder it rain most of the day. #emo  
84,0,carrying a gun wouldn't of helped if you can't take it in with you. gun control won't stop the black market! terrorism will get worse!  
13049,0,"just followed a drunk to his car, watched him get in and immediately wreck, called cops and he's off to jail. #dui #donteventryit #madd  "
17800,0,it may b 4am but i have a very happy smiley baby so i cant help but smile &amp; play with her! #nosleep #tired #mummycuddles #smileybaby  
9850,0,booked to be with my angel for september ððâ #plansplansplans   #flight #marrakech #loveâ¦ 
11527,0,the breakfast club ððâð»ï¸â¤ï¸ #brunch #gayboys #scruffyhomo   #sunday #love #friends #theboysâ¦ 
3639,0,sometimes you just have to dance around your living room to your favorite songs and tune out the noise of the world. #dance  
8333,0,yes! i mentioned #terrorattacks &amp; the #netherlands in 1 sentence because our country = ruled by infants. &gt;not wondering where but when&lt;  
24412,0,#tgif #fridayfeeling it's #friday ð¾ðð #labmixð¾bella is   ðð¾that #weekendvibes it'sâ¦ 
29565,0,'the voice' singer christina grimmie killed in orlando shooting - wbal home  via @user #stopgunviolence  
24183,0,@user ..right when i wanted to try and get back into destiny  
13688,0,#loving #winter #rolling around in the #leaves   #weekend #everyone :) 
20776,0,so   about #orlandoshooting.  #respect #dignity 4 all #lgbt. #nomorefear â¤ï¸&gt;&gt;h8. 
11189,0,hadn't realized extent to which @user was complicit in jimmy savile's pedophilia &amp; rape. #paedobritain   
27326,0," livelypics: if you drink enough water in the morning, you will feel happier, sharper, and more energetic throughout the day.   #motivâ¦"
3736,0,on snapchat ð­ð­ð­ð­ #ripchristina #snap #snapchat   #crying 
22577,0,can't wait to sta gettin my shit together.   #future #goals
7782,0,"@user getting my 3yr old nephew into #gymkhana7 #hoonicorn video, he loved it, in his words awesome!!   "
24876,0,4 days till @user /// ahhhhhhhbrghhhjfifowndicosmwvdkckaowj #too   ð¬ð¬ð¬ð¬ð¬ð¬
22882,0,when you order food an hour n a half ago n they still haven't delivered it to you &lt;&lt;&lt;&lt;&lt; #alicia #is   ððð
23881,0,"barbaric, he should be dealt with.   "
12571,0,my little nut ball ð #catsofinstagram #kitten   #freddie 
5136,0,"blood, sweat &amp; tears - you made me so very    via @user"
17315,0,would give you some lovely photos @user @user  @user ð10 foot chicken!!!! 7th august 
31431,0,@user i knew &amp; warned. a bit of research &amp; i found all i needed to warn. not everyone listened.   
13303,0,#jacksonville   rooster simulation: i want to climb the vast expanse of mountains. it reached the leakage co 
28058,0,yesterday is gone. tomorrow has not yet come. we have only today. let us begin. #quote @user #calmdown    
20985,0,@user this happens so often on social media nowadays. these folks need to get a life of their own and stop imitating others!  
16433,0,you have the power to heal yourself // louise hay #healthy   
11016,0,brought me reds in to work... #caoons #comics #as #markers   #anime #manga #toonsâ¦  
11828,0,why don't you want better?   #myfamilysucks #onlyrelatives #destroyingpotential
897,0,  the secret of a happy marriage is all about finding other people less attractive: and those who repo... 
12185,0,#model   i love u take with u all the time in urð±!!! ððððð¦ð¦ð¦  
3287,0,  #orlandoshooting #rip to all those connected a deep tragedy !! #gay #hompohobic #pulse #nightclub respect  
4422,0,man rory didn't show up   #ufcottawa
5935,0,#fridayfeeling   time for  rambo the #squirrel to go. had to take down the #bird feeder. @user 
11605,1,"#sikh #temple vandalised in in #calgary, #wso condemns  act   "
14164,0,the magic of tidying up by brenda palmer  #goodread at #amazon   #reading #decluttering 
28507,0,really excited for next weeks community project @user a big thank u to @user  
1044,0, â #williams companies will energy transfer paners heiraten: texas-poker im pipeline-sektor   #blog #silver â¦
26505,0,"""don't forget to find adventure in a smile."" -tony robbins    #smile #life @ paradigmâ¦ "
24700,0,aww yeah it's all good bing bong bing bong   
21938,0,@user @user lol @user has not a single idea what he's talking about and his disciples just eat it up!   #neverump
14875,0, @user body of 2yr old dragged by alligator found    
16873,0,back in the game after holidays #lean #green #kale #spinach #spirulina #greens #pineapple #healthy   
4171,0," â #eur/usd hovering over 1.1240, daily peaks   #blog #silver #gold #forex"
10651,1,@user our #4 most popular post this year was @user brilliant take on #whiteprivilege:  #â¦
23470,0,happy bday to me! love my shoes! the best bday! ðâ¤ï¸ðð¼ #mybday #shoes #mybihday  â¦ 
25256,0,#europeangp #ch4 change the record the same thing happened to #7 #kimi nothing from you??? #lewismancrush   #22drivers
2202,0,"a really productive workday today, with a lunch date thrown in for good measure! #tbt to me in less   times- it gets better, i swear!!!"
10501,0, @user @user 48 hours to go until we go glamping with our wi twins @user !!!   #girlpower #friends
10789,0,3 weeks today #leaversservice @user @user @user @user @user @user    @user
8693,0,@user @user @user @user kaaen in the pocket!  
21083,0,"today i am wearing overalls, like a 12 year old kid. i offered an extra coupon to a woman at the grocery store. she ran away.   #hatefear"
23358,0,just a   picture of #clouds and a #flower. i love both of those things ð 
30555,0,i cannot wait to visit pittsburgh ð§ðºð¸ðâï¸â¤ï¸  
8766,0, @user   to see arcii15 speak at @user @user thuzioclub great venue @user 
14661,0,#music as #therapy as a tool for #healing!   #altwaystoheal #healthy is  !! 
10393,0,you've gotta love millennials - micah tyler - youtube   weekend 
6746,0,@user   b'day mika ji.. the lion of punjab
12961,0,"9902  , #education, #smilingbutimclosetotears   hows your week been... "
20966,0,"depth, risk-taking and weirdness in female characters = writing / acting choices that need to be seen!    "
11986,1,"#waitingf  #wildest #cutest creature on the eah, #takuyakimura w/ girls in #highfashion #brandâ¦ "
15123,0, @user the conjuring pa 2 ð« #theconjuring2 #horor #movie #xx1 #jakaa #nonton #scary   
3190,0,read why #dancing makes you   here:  @user    @user @user 
8603,0,she called your bf a n*****   l personally have never used that word. it's sad that she did &amp; now she is eating her words.     #hypocrit
5468,0,"can't make this shit up, folks ð #nofilter #tropical #tenerife #canaryislands #holiday  â¦ "
10944,0," â #mxn de-correlated with latam currencies, intervention risks rising - tds   #blog #silver #gold #forex"
6518,0,now this i've been waiting a damn long time for!!!!    
20583,0,my #coffee is telling me to be   today. #smiley face #pareidolia #smile #littlejoys 
22177,0,one more day to go ... first swimming lesson #facingfears   @user
8214,0,"there's almost nothing better than a pile of dryer warm, clean clothes. especially when you're cold.  "
30144,0,in 2 weeks 50-46 kg #broken&amp;depressed  in 2 months 46-49 kg  &amp;blessed  ððððððð
18663,0,glass crystal s... gbp 12.99 get here:  #shop #cool   #home #fun 
6481,0,mastered to be   in front of others but can't able to master in stop being #sad when alone ð
3726,0,i am thankful for apologies. #thankful #positive     
30014,0,@user  ððð basti feeding #schweinski fans like a fool #whosana?  ð 
30573,0,thunderball - thunderdance (1994)  #cd   hardcore #oldschool techno #vk download here:  
29023,0,"=&gt; =&gt; =&gt; sirf ashiq log follow karen #iqbal #galib #wasi #faraz #sagar #mohsin ki full   poetry, #shairi + follow @user send t..."
29360,0,when we have fun #modeling at date night!! #adventure #date #pay #loveit #love #family  â¦ 
31443,0,"#microsoft is owning the day. great press conference, loved the announcements. #e32016 #xboxone #xboxones   #xboxplayanywhere"
500,0," @user @user thats the problem, only one police officer. you need more, with bigger guns and perhaps one tank with soldiersâ¦"
24126,0,ðð­ð #0608#wed #ãªã¤ãã¡ãã#æ¸è°· #ããããã«ä¼ãããã  #enjoy#smile#love#bff #instagood#like4like#l4l 
4342,0,love watching the #iomtt2016 highlights on @user but i wish they could show the senior live   #cantwaitfor1015
7744,0,so this just landed!  ! @user ðð»ðð» â¤ï¸ 
23776,0,"sometimes i think: just shave off one eyebrow, and no one will notice your hideous fashion sense.  "
26193,0,henry relaxing and purring. #catsoftwitter   #caturday. 
6420,0,"you believe your miscegenation genocide will stop the ""breeding"" of black and white ppl off face of our eah, @user   @user"
2877,0,working on saturday  
13362,0,me when i have my monthly visitor!  ð#lol #funny #cute #asian #snapshot #snap #chat   #asiaâ¦ 
9779,0,12 months ago today we sadly lost our beautiful boy barkley. we will remember him with lots of puppy cuddles   
22892,0,you have to learn that you're not gonna get anything by sitting on you're bloody arse and letting everyone do everything for you ð¡  
24327,0,how if you live alone and you get a fever in the midle of the night? you just can snuggled down in your blanket until morning come.  
4470,0,"1. my real bihday was supposed to be on august but i came out a month early from my mother's womb. so here i am, a july baby! ð  "
15507,0,@user was awesome this morning - shaved 40s off my pb and fastest mile #parkrunstevenage #running   ðð
27330,0,easy like sunday morning // #zen #a #abstract #photography #ocean #beach #belize   #peace 
26152,0,five questions to leader your to happier life #insight   #life #smile 
8967,0,best #lawofattraction #resources for #healing!    #altwaystoheal #healthy is  ! #idwp ! 
10611,0,making a song for my stepdad i sadly found passed away. please share in hopes to share my pain! :c &lt;3   ... 
4642,0,barrel bag gbp 19.00 get here:  #shop #cool   #home #fun 
2321,0,"i'm sure tmrw i'll be angry, but tdy i'm just   i will nvr understand why anyone can hate someone for who they &lt;3 #pulse #ally #onelove"
9545,0,happy hump dayðð·ðð #gus #porchpig #minipig #petpig #momsboy #pig #pet #outdoors #sunshine  â¦ 
3069,0,scenic! ð #love #instagood #photooftheday #me #followme   #follow #picoftheday #instadailyâ¦ 
24312,0,i imagine it would be a lot like this. #imaginary #conversations   #life #style #lifestyleâ¦ 
3843,0,@user @user whoohoo! congrats! well deserved! see you in an hour!  
31786,0,@user doesn't care abt u. let's be honest. he cares about himself &amp; his money!! all of you are getting played.   #neverump
25466,0,#80 #thousand #care # workers in the #iuk are #immigrants and #most #elderly #people #say they cant even #understand #them so #bloody  
14809,0,"  phil kessel is so happy he won the stanley cup, and you should be, too: with that full beard, he looke... "
25781,0,"#flagday2016   #flag #day #2016 #(30 #photos) buy things about ""flag day 2016"": â¦  "
26548,0, @user yesterday kicking it with nephew at six flags!  #auntielove #familyfun #summeime   #loveâ¦ 
7841,0,absolutely wicked day @user #brockwellpark #housemates #summer #london #love   #dreamteam #hairbraids 
13869,0,i finally found a way how to delete old tweets! you might find it useful as well:    #deletetweets
4306,1,"""black lives matter #blm except for mine apparently"" have the patience 2 watch this all the way through    #jo"
17698,0,i have classes in college park at 8am twice a week next semester ð©ð­ #amilewalk   #csuf
5721,0,best essential oils for #healing!!    #altwaystoheal #healthy  !! 
31083,0,london planning ð·ðâï¸ð¡ð´ð¾ @user @user @user @user #london2016 #londonunderground   #girlsday
13639,0,dz june alone sef ehn..so many peepz v checked out already   ð£ð£ð£ð£
7421,1,@user @user @user why? it's gonna suck - no one wants anything to do with this shitfest #rapist #trumpuniversity 
16526,0,i love how i can lay in my bed comfoably and watch the lightning out my window stillðâºï¸   #enjoythelittlethings
19439,0,why everything @user turns out to be urgent... deadline: right now right away.. when someone says take your time.. ;) i feel   :)
28550,0,@user @user don't fall for that shit...i'm from croatia and those are just some spoiled rich brats acting out #ashamed  
29676,0,ðððâ¤ï¸ egãï¼ï¼ï¼ smile!!!!!â¤ï¸ð£ð¤ð½ ã» #smile#egsmile #torio 
15544,0,be so happy that when others look at you at get are   too. #makingadifference #smile #heaisfull
27881,0,  #meme #e3   #ifunnyhe fuck them all 
13644,0,fun wedding at the english manor  #limelightnj   
23176,0,breakfast with my family yesterday ðð #advancefathersdaytreat #completefamily   #blessed 
24992,0,"cinema, where the magic happens.  #friends   #theboss #vue #norwich #norfolk #blogger #gayâ¦ "
18624,0, â #rasenturnier im londoner queen's club: wawrinka scheidet aus   #blog #silver #gold #forex
19683,0,i'm in work i haven't really been on twitter all weekend but dear god what happened in orlando ðð   #heabreaking
625,0,people be like you already forgot so and so.... nah it's not that it's just new names are made a hashtag on a weekly basis  
26568,0,hrh #queen elizabeth  #90thbihdaycelebrations  in london today. living a   balanced life.â¦ 
24128,0,who else was excited ðð #gameofthrones #ramsaybolton     #instagram #instalikeâ¦ 
14385,0, @user memories of the trip last year   
8388,0,good luck for all the #garden paies this weekend for the #queen's bihday.   #bihday your #majesty.
21258,0, @user #laughter indeed matters. let's all take time to laugh once in a while.    #quote 
28178,0,#vehicle   gorilla simulator: you need to do to adapt to the environment. the need to tear the city. materia 
16820,0,workshop in full swing!!@user @user  ð 
12057,1,@user 10 hours of walking in #nyc as a woman    #newyork #women #men #bigots
29736,0,@user watching #theconjuring2 #cannotwait   
2843,0,totally cute! #funny #lol #angermanagement #cutegirl   #funny #yourcomicstory 
14077,0,when you're excited for a new bethesda game x3 @user   #bethesda #skyrimremastered   #gamers 
25332,0,white girls will never break the internet...  ð
26899,0, @user no cock out though.  
8320,0,@user  -  kik are excited to be launching our very own kik cloud mod #comingsoon  â¦ 
7760,0,"so tonight, spagetti bolognaise and scrabble. dd2 &amp; dd3 came home from work with new books, one for me too.  "
1228,0,can't wait for @user on @user !  
13198,0,@user @user @user @user @user lol yeah when they say we are showing games years away  
19049,0,my #final comparison ! #stillinit week 1 to week 8.   @user @user @user 
10039,0,2 more days!  ! â¤ï¸â¤ï¸â¤ï¸â¤ï¸â¤ï¸ john paul manlulu 
27034,0,it's brooklyn's last v day of school.  
25251,0, @user 7 ordinary questions that lead to a   #marriage  via @user
2002,0,"what makes you  ?? stick it on a post-it, and put it on your mirror ð  ðspotted in #sanfrancisco "
16055,1,@user comment on @user reveals once more the disgusting reality of  and #stupidity in @user circle #trump
15896,0,have a very good nigth my beautiful people ð´ððð´â¤ï¸ #thursday #bynight   #smileâ¦ 
15632,0,happ.y at work conference: right mindset leads to culture-of-development organizations    #work #mindset
19039,0,@user england finna win shit this time ahhhhhh  
12833,0,  #weekend from @user 
15728,0,my makeup collection keeps growing nd growing  
7224,0, @user wohooo !! pachhyyy ððððððð congratulations ðððâ¤ 
14788,0,wonder # of these ppl live w #mentalillness. i'd like to see the statistic w ppl that it actually affect    
2120,0,i am wholesome. #i_am #positive #affirmation     
9943,0,- sirf ashiq log folow kro - #eid poetry #best poetry #love poetry   poetry #dukhi poetry #udas ghazal - follow @user - f @user
3209,0," @user i like how so many people spend $100-$1000's on things they want, but they won't spend $10 on their family.   #21ceâ¦"
14585,0,orange is the   color!  #hermes @user @user @user @user @user
3116,0,"the world's biggest problem is that intelligent people are full of doubts, while stupid people are full of confidence.  "
10147,0,#findingdory tonight #cinemark mesa 16!!   night with my #adult #kids.
21969,0,.@user @user @user @user so sorry to read this after so much pain  
97,0,#model   i love u take with u all the time in urð±!!! ððððð¦ð¦ð¦  
11005,0,does #magnettherapy really work?   #altwaystoheal #healing #healthy   !! 
21250,0,hold up! â  #brazilian #guy #boy #love   #face #bomdia #boatarde 
22414,0, â #us dollar fliing with highs near 93.80   #blog #silver #gold #forex
20518,0,"his new #wife is very #obese, but that's also his #comfozone, &amp; is #wherehomeis for him. i'm very   for them! "
12676,0,how the mighty eagles falling.. .   #ripamodu 
20558,0,fckn did it!!! ð¸ðºð   #feeling #awesome #personalizedâ¦ 
24361,0,the negev is dead to me now. #goodtimes  
11483,0,feels good staing to pack away my life in birmingham....ready for the big move and big changes âºï¸ð  
4818,0, @user death is only the end if you assume the story is about you â¥â¥â¥   #friday 
27824,0,@user so shumpe's hair.... it's like the last dragon meets a 5 year old girl  
19261,0,less than a week until @user #6days   #bubbles #erociabritannia
17730,0,this twitter war will be recorded into our children's textbooks.  ! #deleteyouraccount 
8317,0,"as a #manhattan based #business &amp; #brand, #restopresto is   to attend the @user #marketingweeknyc kickoff event on 6/13!"
4187,1,excellent idea! dig deep &amp; hang 'em high! #treason #aidingenemies #fraud #coverups #benghazi #extoion17 â¦ 
21475,0,"  moments for #orlando: 2 #shootings with fatal injuries, christina grimme and pulse nightclub. may the souls of d depaed rest in peace"
8881,0,the goal is to be happy. figure that out and you won the lotto.   #realtalk #gameover #youwin
1787,0,#model   i love u take with u all the time in urð±!!! ððððð¦ð¦ð¦  
1319,0,//  it's 250 days on happy today .  #1014 #masutanicouple #250days #today #0620   #ððð 
16708,0,"had an amazing week at my mans house!! ðð now work is done, back home to relax then off to see my bestie later! #perfectday #amazing  "
15643,0,i am creative. #i_am #positive #affirmation     
5200,0,this  is how   i feel whenever i am in the same room as @user and @user
14734,0,happy shopping #jacobtian #lingsjourney #instalike #instakids   #smile #1year3monthsâ¦ 
9379,0,#winterfashion   bull up: you will dominate your bull and you will direct it whatever you want it to do. whe 
24440,0,how would your #organisation be different if its key focus for #management was on making its people  ?
2426,0,i can't stop thinking about the gym! #gains #love #funny #humor   #baby #exercise #gym 
7406,0, @user setting three alarms so you don't miss your flight   #holidaywin 
24393,0,#aldubfohelove   tuesday morning!!!
23705,0,poppy #dog on one of her great #devon adventures.   #spaniel 
29651,0, â #nzd/usd: robust above 0.7000 even in risk-off environment   #blog #silver #gold #forex
20098,0,"  comics convention, avengers attraction keep fans busy, happy: web1_amazingcon_061016ev_008.jpg the mar... "
25766,0,"got a day off, so off to blackpool this aft to watch @user  "
15119,0, @user it's not happy people who are thankful. it's thankful people who are  . 
1189,0,another one bites the dust... thank you so much for suppoing us ð¤ð» 
12493,0,a big thank you to @user for making my sons favourite fish soup especially for him.   eddy
28773,0,born to travel - forced to work)ðð°â¤ï¸ #travel #travelgram #traveling #girl   #hap.. 
18414,0,@user  she's obviously not done her homework on candidates. but what do we have to choose from?  a criminal and a conman?   
7909,0,@user @user i hope it's got plenty of pictures because i can't understand a word   cycling #higang
26628,1,are you just takin' the piss now or 
8971,0,@user ah what have i missed  who has he got  
6004,0,@user it's so obvious! how can you not see it?! basketball is a joke   #disgrace 
1338,0,  friday ladies have a great and #glamtastic weekend @user @user @user @user @user ð¹ð·ðð»ðð»ð
24360,0, @user ðseað  #today#anna#yuina #enjoy 
23425,0,#aid   gorilla simulator: you need to do to adapt to the environment. the need to tear the city. material da 
30787,0," @user damn my life is pretty awesome right now... kids are great, bills are paid, about to get married..  "
20052,0,so   for this #sale #online  head to  and score yourself a #deal ð #itworks #bogo 
20782,0,not sleeping till i at least watch one episode of oitnb tonight.  
8892,0,#like   bull up: you will dominate your bull and you will direct it whatever you want it to do. when you sta 
30137,0,"@user we have two woman stealing flowers out of the local cemetery . they have not caught them yet, but they are on camera.  "
1110,0, @user getting into the mood ready for @user performance of pippin.   #pippin 
211,1,@user take out the #trash america...  - i voted against #hate - i voted against  - i voted against  - i votâ¦ 
1517,0,"my hea breaks when i think of how desperate she was in keeping miles, she even bet for lottery...  "
16542,0,#model   i love u take with u all the time in urð±!!! ððððð¦ð¦ð¦  
18824,0,ð   #tech kncminer announces sale of jupiter chips directly to the public  
29180,0,"@user and republican leaders who have endorsed him, like #paulryan, would still suppo him.   #whatatool"
9072,0, @user next project... #asuivre   #love 
14930,0,@user @user @user @user people who post stuff like this needs to be banned for life off @user  
31690,0,"a flame war on twitter, that's politics these days.   #deleteyouraccount  "
12024,0,behind the cuain.  #renderosity #daz3d #a #porait #woman #haunting   #gothic 
15667,0,i finally found a way how to delete old tweets! you might find it useful as well:    #deletetweets
17279,0,she's so #sleepy now #shopping   #saturday #clarins @ centralplaza lardprao 
2880,0,light trails #photo #effects #a #teo #teomatas #signature #travel #funny   time 
31392,0,"a dad is a person who is loving and kind, thank you dad for being such kind   #fathersday "
11734,0,this is what #waiting at 2:30am for the shuttle too show up looks and feels like... so   itâ¦ 
1442,0,"at the end of it all, you were always wrong!!! #whenyourenotrightinyourhea #unwanted #used #damaged #unstable  "
5571,0,i choose to #calltheghostbusters and you should too. #ghostbusters  #ghosts #spooks   #slimer
10610,0,on route to wembley to see the amazing coldplay #wembley #coldplay #conce   #gotmyticket 
29062,0,my instagram is finally growing :d @user ! #results  
4773,0,i am wow. #i_am #positive #affirmation     
23071,0,@user @user @user left used to send college kids to do this kind of thing now they are infiltrating the high schools  
8088,0,why am i punishing myself and keep looking at photos #hu  
25741,0,@user #manilow originally wrote the song with this title. after a rewrite the big hit came with mandy #yourewelcome. how   am i?
25734,0,wake up&amp; speak up.flood mailboxes of politicians on all sides and levels of gov.lib/socialist agenda/ideology kills 
25455,0,@user i find it sad and disgusting that a gorilla incident has way more outrage than the weak stanford rapist sentence.  
22377,0,#samsunggalaxys2   rooster simulation: i want to climb the vast expanse of mountains. it reached the leakage 
23262,0,i just bought: 'funko pop! tv: once upon a time - regina' by funko via @user   #reginamills  
14579,0,had a nice and constructive phone call today this afternoon w/a friend that i haven't heard from in a while   #friendship
11747,0, @user on the way to the happy heas fundraiser!! #suppo #charity   #hea 
6880,0, â #united states mba mogage applications rose from previous -4.1%Â to 9.3% in june 3   #blog #silver #gold #â¦
26466,0, retweets @user #nuascannan   
29033,0,when your closest friend at work tells you she just got a job offer she can't refuse.   #wednesday #cry #bummer #needmoremoney
24622,0,very true.  passing a drug test to receive could solve a lot!! 
1924,0,@user is it being knocked down? my old school in ek now a spos centre...#notredame institution!  
19638,0," @user you're an idiot, no automatic weapons we're used at all. maybe next time do a little googling b4 tweets    "
2961,0,freedom!!! #freedom   ness #cage #in #life 
26966,0, â #us: firmer underlying trends in the economy to reasse themselves â rbc cm   #blog #silver #gold #forex
10084,0,regrann from @user -  @user #boricuasmile   #idol #smile #boricuasmile #lifeâ¦ 
7468,0,it's all about attitude. 
14138,0,"now playing  :  philip wesley - "" leaving the darkness behind"" on     music song "
12869,0,#model   i love u take with u all the time in urð±!!! ððððð¦ð¦ð¦  
4872,0,tag someone below #quotes #beautiful #beach #lifestyle #blue #instasize  #f4f #fashion  â¦ 
29121,0,#auroramessy #instamood #instalike #beautiful #picoftheday #cute #girl #followme #love #me#photooftheday #fun   
21885,0,@user thats what i told @user .. dude u r so far off the mark u r off planet and u don't even know it..  
5839,0,sandra from bandra is back. me gusta.  #bihday #colombian #colombiana #favorites  â¦ 
17983,0,happy 21st bihday to me ðð #bihday #21 #years   #june #cake #chocolate #candles 
5007,0,@user @user i let you know in a couple weeks! first time for me.   #firsttimattheglen
8915,0,who still mad af right now? #neverforget #stopisalm #muslimcontrolnow    #lgbt
28618,0,so so shocked and sad for the death of jo  cox today. #outrageous  
29479,0,@user @user this man is really a joke coming from a liverpool fan.... 
26598,0, @user @user loveeeeee to see you   my gorgeous #sl ðððððð 
26241,1,"@user @user liz treacy, @user condone ex-councillor mark hackett's #islamophobia  for me @user"
18190,0,everything will be fine soon. #forever #wish #dreams #just #people #moveon   #everythingnice #everything_is_ok_
7221,0,# if you #luv #hottweets like this from â¶ â¥#venusexchangeâ¥ 
2869,0,@user muslims are just doing what their koran says to do.  
4580,0,i am thankful for coffee. #thankful #positive     
7800,0,i'll follow her anywhere... 
458,0,@user @user @user  wow some people's children have nothing better to do then insult people on twitter .  .
19315,0,preston up next #pirelli #ormsuk   #britishmx 
12731,0,we have big news coming! stay tuned everyone!!  !
31946,0,feel like... ðð¶ð #dog #summer #hot #help #sun #day   #more 
13575,0, @user here is @user favorite basketball player @user at the tough mudder today #hulkmode   
2899,1,@user @user the correct way it should have been written!!! doesn't matter her profession!!!  is clearly still a thing!
9566,0,  #fathersday to the #men holding it down who have to #work thru holidays. it will pay offâ¦ 
22375,0,"@user @user we're here at @user for a full day of activities, just preparing for our first task now  "
13757,1,#emmastone is speaking out about  in #hollywood. they'll steal her jokes and given them to men #movies 
5895,0,happy sunday  ðð #sundaymorning   sunday  #playablanca #puntacana @ playa blancaâ¦ 
5911,0,today all i've done is watch from episode 5 - 14 of @user i now feel satisfied with life!! #lifeset#loveisland#satisfied #gurl
2711,0,"@user i've got a bottle of lovely @user owed to me if you retweet me, dear!   for the show! "
10690,0,#jcb #mudrun tomorrow!   #can'twait ððððððððððððð
7537,0,bitch i wish my bestfriend would come back on some funny shit cause i'm in hs  
19408,0,my nigga @user trippin early with it ð­. niggas out here shootin fingers ð  
28106,0,#carlsbad   bull hill climb: you have to reach the target to complete the task to survive. with strong excit 
9513,0, @user next @user bracelets... #desdelaraiz #handmade #color #joy   #hechoamanoâ¦ 
15770,0,spread the positivism and give someone a high five today #positiveenergy #highfive   #tuesdaymotivation 
4221,0,walking in green ð¿ #me #summer   #happiness #model #modelling #sun #green #treesâ¦ 
4033,0, @user i finally found a way how to delete old tweets! you might find it useful as well:    #deletetweets
6632,0,.@user introducing our keynote speaker @user at #eclipsecon france  !!! 
20723,0, @user thank you to the kind person who decided to have a bit of fun last night and spoil ours...!ð¡ #whatsthepoint  . 
24408,0,i am thankful for having imagination. #thankful #positive     
22178,0,"#tonyward #ss16 on the runway,   colors and elegant silhouettes "
5039,0,night ride was well.. alone :\ thanks to all who stayed with me:)  #nightridealone   
31139,0,to all the kind heas in this world could someone please give me their email/password on #netflix so i get to watch #oitnb #i'mbroke &amp;  
2981,0,woke up to terrorist attack in orlando and bombing in airpo... wtf has the world become  
28161,0,just hours away from the esmeralda special auction 2016!!   #esauction2016 
3243,0,#morning#smile#stripes#redhair #staypositive#picofthemorning @ paseo de san roque village 
23880,0,men today are soft as baby shit   #manupamerica #wakeupamerica ðºð¸ðð¼
7230,0,all home snug in bed... had a lovely night ð   #home #family #lucky #snugâ¦ 
7103,0,"never go to bed  . the anger turns into #bitterness, and the bitterness turns into #hatred. #conflict &amp; emotions!!"
11334,0, @user 50% off all chamilia charms - entire inventory at our cranberry location ð¤   #summer #june #chamilia #sale 
19395,0,unboxing the brand new #legendofzelda #nendoroid #figure!! super   to to have this in my collection #nintendo 
16333,1,@user a giant version of the #flag of #rebellion #sedition and  flapping in #virginia on i-95n 
18218,0,nohwest albea coal town could face dissolution to deal with financial concerns via @user   
8080,0, @user i am thankful for my home.#thankful #positive   
14740,0,is looking forward to catching up with @user @user @user ððð¾    #friendship #prosecco
6378,0,"fasting first, go to village later...   #ramadhan"
389,0, @user #forever @user   young man he luks too hot wen he is in temper i'll b alwys ur fan till my lst breathâº hâ¦
30146,0,happyholidayð´ðð happyfather'sdayð¨ð»ð¹ #éå­ããªã¼ã  #fathersday #holiday   #love #amazingâ¦ 
6135,0,thank you @user for a new #chargehr after mine broke #fitness #becauselifehappens   
20322,0,i'm seeing the freakin @user tomorrow ð± last time i saw them in nyc was @user in 1998 i think! ðð¼ðð¼ðð¼ðð¼ðð¼  
14074,0,@user for india it's 5 weeks to go!  @user #stevenspielberg  ! #15july 
29456,0,#rockshotel #babalargunu #kutlu #olsun   #fathersday @ rocks hotel &amp; casino 
8289,0, @user @user @user really looking forward to coming along - coming with @user  
30217,0, @user at  -- 7ï¸â£ days... #hawaiibound #kauai #mifamilia   #livelife ð¯ð¸ @user #aloha 
17677,0,so annoyed today ð #annoyed  
20991,0,walk away from things that don't make you   -  #happines #respectyourself 
28263,0,"hey @user look at your profile.  ""knocking someone down""  you might want to change that.    @user @user @user"
20536,0,i am thankful for vaccines. #thankful #positive     
17182,0,the #flowers def #filtered #tangledfx #blooms #stocks #peonies #vases   
492,0,#aiel #aielmaharashtra rude customer care executive makes me want to switch my loyalty to another provider.   #irritated
23884,0," @user if you think #york is an enlightened city read the horrible, homophobic comments in today's @user   #pride "
23078,0,@user #gogirl #summer #camps #cardiff  #girls 10-17   #confident book now  pls 
22940,0,i am thankful for sunrises. #thankful #positive     
22021,0,god made us bestfriends because he knew our moms couldn't handle us as sistersð­ð â¦ 
22478,0,@user give me more!   #thrilled #ybpwithnamratasoni #ybplaunch 
20628,0, @user pls  #norfolkhour the eaaa norfolk polo festival stas tomorrow!  !  
5866,0,i came to realization that i am about to desensitized by gun violences in this country.   #prayfororlando #orlandoshooting
3114,0,isaac gave everyone except me a button except me  
20771,0,@user please retire nina turner.  she adds nothing at this point and frankly i turn the channel rather than listen to her.    #unicorn
31214,0,latepostð»ð« #like #like4like #likeforlike  #goodnight #night  #face #happy    #latepost  #sendiri 
3411,0,@user are you guys not gonna on tlc anymore?   #newfielove
20871,0,"it's sunday switch off and tune in. take a walk, listen, feel, smell, hear and touch.   "
9947,0,"morgonmacka ! ð love #sweden.. beautiful place, #beautiful people, #wonderful #food!  â¦ "
27088,0,have a great day guys! ðð¦ð½ #friday #selfie #blessed   
15401,0,"daily #beauty tips, #health tips #urdu poetry,   poetry #lovepoetry #new ghazals &amp; #jokes #ky liye follow @user send 40404"
5663,0, @user @user wrapping up #senseaboutmaths @user 6th   @user @user @user httâ¦
30325,0,"i've heard in presidential debates about isis, vladimir putin, and the lgbt rights, but none will address the injustices towards blacks  "
12910,0,ð· by @user  -  stylish  . . . #catstagram #kittensofinstagram #meow #love   #catâ¦ 
27115,0,#flowerlove   bull up: you will dominate your bull and you will direct it whatever you want it to do. when y 
14841,0, @user @user @user @user beautiful. love it. just awesome.   #shivaay
20485,0,cont. day 3 of 4. :d #dl2016 #downloadfestival #metal #smiling #beard   #goodtimes #lol #blog #awesome 
23785,0,#author #ebook #marketing for Â£60pa.     #funtime #funtimes #goodtime #goodtimes   #bihday #bday #pay
29636,0,"really enjoyed my weeks annual leave. spent quality family time , baking , attending school spos events #mygirlsrock #familyfirst  â¤ï¸"
17636,1,black dad puts  baby mama on blast after he takes their biracial daughter to get braids 
19272,0,"#punjab govt., #bjp,   have nothing to do with #udtapunjab' row: vineet joshi  "
30085,0,good morning i woke up this am w/ a bellamy brothers follow all these gifts from snapchat of g and b  
22197,1, #clickbait #much? thatâs a really shitty headline @user you should change it.  
27261,0," , crying, natalie poman, barber, v for vendetta, hair cut, shaved head  "
30887,0, @user me on payday   #life #payday #style #great #awesome #feelgood 
13617,0,i finally found a way how to delete old tweets! you might find it useful as well:    #deletetweets
8159,0,"@user me, i need another tattoo,  but we can't because i'm from perÃº  ."
22454,0,yup you saw it right! stay tuned for all the juicy updates &amp; chef line ups! #monsoonpunemarket #chefdemos   
18937,1,@user is whiter than kevin federline    
574,0,@user monkeys are also declared as vermin. no protest from bajrang dal?   @user @user
20565,0,the biggest diss i hear is oooo your dark ya and??.. that's not a diss that's the truth like seriously?? it's  
10139,0,nothing like celebrating bihdays with old friends  bihday to us! 
21789,0,"just #great that's all we need, more #rain  after 12yrs in #cyprus i'm used to seeing #blue #skies everyday   :-( "
10575,0,@user i prefeer   :)
24335,0,getting the goody bags ready for tomorrow night #hwawards   
12170,0,hold me &amp; make these thoughts go away.   #hatethis #holdme
822,0,@user @user gutted didn't know that you were here tonight i would have been there #good luck  
28419,0,"won't realize who we are, until what we need is recognized.   @user @user"
2309,0, â #usd/jpy sinks to lows near 106.70   #blog #silver #gold #forex
21000,0,@user choir are opening the school fare tomorrow night!   #lalala #singing we even have a few dance moves going on ;) #glee
13326,0,no offense to anybody but of course some of the white ppl i work with doesn't see the impoance of ali outside of the boxing ring.  
15027,0,#can #good#mood#staff#pay @ torba suit otel 
18036,0,the thing about tragedy is that politicians and ngos will make sure not to let it go to waste #stopbrandingyourselves   #orlando #freedom
5552,0,after last weekends @user i'm buzzing for @user #sunshine #music #family #friends and a few #beers who's not   âð¼ï¸
7108,0,"first day of school tips: earn friends on your first day,so you can easily adopt the environment. #dailyantidote #daily #backtoschool  "
21554,0,@user @user @user @user @user @user that's it. keep it up. you're clearly running out of steam.  
28128,0,thank you so much for everything you do for me all year not just my bihday my best friend   #luckygirl #bihday #31today
20500,0,about a perfect weekend !!! #sunset   #vibes #positivevibes #love #onlygoodvibes #xterra @user 
2154,0,#armcandy   rooster simulation: i want to climb the vast expanse of mountains. it reached the leakage cock w 
28087,0," bhanuj kappal on the   truth about punjab. a consumptive drug problem, farmer distress and the cbfc #udtapunjab."
20367,0,day 84: you owe it ðâ¤ #101daysofsmiles   #me #girl   #love #follow #instagood #followmeâ¦ 
3194,0,@user can't wait to see the asshole who did this. although i'm living among people like him everyday.  
8271,0,@user people who do this should not be called parents...  
20808,0,ð°ð­ð¬ celebrating father's day ð¬ð­ð° #family #love   #smile #specialday #niceday #celebrationâ¦ 
30037,0,@user so a team that can lost 1st 11 games will be above us by rd 15  
28124,0, @user feeling #blessed   #love
10366,0,the greatest #love of all    #friday 
21991,0, @user   - tonight we have another private hen pay to enteain @user #york great location! #itâllbemurder 
14645,0,i know one thing that i have not written to @user i still do not understand .... sad ãã  #lovebts #bts   ððð 
3383,0,"during this week's assembly, the principal launches the end of year rewards trip to all students.   "
1611,0," @user   juvenile harvest to celestial church of christ worldwide...#kÃ®Ã±gÃ§hiÃ±kÃ¸ is so happy,blessed &amp; filled with joy "
17637,0,"@user #thanks for sharing about  , have a great friday :) ð¹ðgrow followers âª  ðð¹"
13587,0,nooooooo my brooks ghost 7s are wearing out. ð­ #brooks   #day #wearingout #ukrunchat #running #run #runhappy 
1329,0,i think the constitution and amendments should be rewrote.. we still basing our view in the 21st century off of the 1800s..  
4420,0,@user please tell hermes to stop putting my deliveries in my garden waste bin...every time!! ð¡ #coveredingrass   #fedup #bugs
30506,0,this is so ððððð¼  fathersday #decide  #love #life #success #fatloss #iamgus #wealthâ¦ 
4286,0,#saysomething   bull up: you will dominate your bull and you will direct it whatever you want it to do. when 
9124,0,selfie ð #smile   #summer 
25497,1,racist troll ale in the great state of kentucky!  listen to last thurs crabs  #comedy #politics #election 
15539,0, @user horus in a cage #illustration #drawing #birdman #ilustracion   #dessin #tekening #triste #dibujo #bird #vogelman 
5202,0,"ð #selfie #sunshine #mascara #smile #dublin #ireland   #freckles @ dublin, ireland "
27017,0,whether a woman is running for president or raped after a college pay -- the only thing that really matters in what she was wearing.  .
11207,0,"#jobs # #chief angry over stolen lands:                nii adjetey obuor-buor ii, the gbee-owomli mantse... "
30521,1,#people aren't protesting #trump because a #republican won-they do so because trump has fuhered  &amp;â¦ 
17469,0,the reason @user is said to be mr.perfectionist is proved yet again! #dangal   #legend
27272,0,i keep blocking news such as the toddler killed by an alligator or the woman who jumped from a bridge into the river holding her 6yo..  
3048,0,#rightnow i'm sat in depaures lounge waiting on my #flight to #london   to see myâ¦ 
22721,0,carmineryderrr - na:   #xxx #horny #young #sexy #porn #snapshot #kinky #wet #hot #slut #naughty #nude #n... 
13133,1,@user 1/2 we're told over &amp; over that #voterid laws are  #stillwithher #liberal #democrats need to #wakeup &amp; realiâ¦ 
1248,1,if #potus were white he'd still be the worst president ever and most likely the most  president ever. #trump #israel #happynewyear
1091,0,adventure time theme played very quickly #adventuretime #themesong #music #caoon #ukelele   
22443,0,first training counselling shift at childline tomorrow  
18776,0,because they are so mean to me? ð¥ð¥ð¥ð¥ð­ð­ð­ð­  
10990,0,pray for for the surviving and for the families who loss the love ones in the shooting in orlando.   #god #bless #the #world
9503,0,@user 4 days without service come on o2 so it out!!!!!!!  
24625,1,@user #trumpusa when they call us   #homophobic #misogynist they are really saying they are jealous of us wâ¦ 
11661,0,#bestie came to watch aiden play today!   @ the pac 
12316,1,@user @user oh just fuuuuuuuuuuuuck right off 
27036,0,fiing to bonkers tm so happy @user   
17256,0,"""be in love with your life every minute of it"" #lifeisgood   #itsfriday"
19885,0,both covered ðððððððð #4k #blue #purple #happiest5k   #selfieâ¦ 
30572,0,#tuesdaymotivation the truth about being   or $ back. #success  â¦ â¦ â¦ â¦ â¦ â¦ â¦ â¦ â¦ â¦ â¦ â¦ â¦ â¦ â¦ â¦ â¦ â¦ â¦ â¦ â¦ â¦
26005,0,when hamilton slips through.... ð­  
8318,0,hat-trick hero messi happy to be back  #spos #back   #hattrick #hero 
5577,0,bubble service!ð¾ #bubbles #cheers #brunch #sinema #fathersday #nashville   #happinessâ¦  
3354,0, @user it really does make me   when i see other #realdommes getting that #money @user @user @user @user
3707,0,life is better with a tan ðð»ð #nofiler #tan #holiday #spain #benidorm #brown #bronzed  â¦ 
24741,0,"@user @  b/d,how old are you#jerryshkosane orlando_pirates"
23977,0,low everyone ?? whatz up ??   saturday #gsw ftw #cavs knock down
11837,0,life can be complicated. it can be simple. it can be happy or sad    #life #sad #live
17582,0,let children play..... they are the future of #india!!  make them feel   
10595,0,i am thankful for hugs. #thankful #positive     
13755,0,following some new twits. this should be fun. yea mommie up and feeling well.    father's day.
24055,0, @user i can't even imagine what these families are going through !   #prayersfororlando 
18416,0," @user learn, grow, soar! #confidence #positivevibes #success   #lovemylife #tenpluslife "
24553,0,"hey look, my name is spelled correctly now!   "
23336,0,"@user hope you dont all get shot you horrible, hateful cunts. there is no god, you do all this crap in the name of hate.  "
13023,1,lame duck and lame dick 
25599,1,"you forgot russia since been betrayed by   trump and this has never happened b 4, putin will soon slit his throat. "
7653,0,@user @user @user @user @user @user @user gm   thursday morning to all 
1279,0,"#goodmorning #world, we wish you a   #weekend everyone :) #aebylujo #espaÃ±a #miami #colombia #unitedstates"
10691,0,  #bihay youyou â¤ 3 years ð 
15484,0,"greeting from hello land, hi! #sketch #mutant #alien   #purple #creature "
22939,0,"gordie howe's visitation, funeral will be open to public - via @user app     "
25844,0,#model   i love u take with u all the time in urð±!!! ððððð¦ð¦ð¦  
14724,0,"good morning ð,  ð  #vacay #philippines"
2868,0,oh yeah! my summer book finally just arrived! :d #dev #ruby   
30263,0,soon to be an american citizen... #winner #america #loveyou #life #peace   #proud ðªðâ¤ï¸
23368,0,spontaneous train ticket purchase - made a good bargain! ð #cologne #jb  
30268,0,yea that's what racists usually say 
17645,0,okay i need a sack of some fire to smoke with my friends....but some don't smoke anymore:'(   #lonleystoner   #stillblazin
22647,0,another gop myth up in smoke: good guys with guns might have killed some of the victims   
25985,0,quick 20 minute warm up before rehearsal with team.3thousand  #freestylechoreography  â¦ 
14674,0,good night  just do it ððª   #sunday #goodnight   #like4like #lifestyle #appface  #motivatedâ¦ 
17977,0,at home alone with my baby #missinglove #lonely   #gay #gaytoronto #gaygeek #glasses #beardedâ¦ 
30540,0,i'm so   and #grateful now that - #affirmations 
27551,1,@user @user probably a not so closeted  who'd have been posing w/a #black man not long ago.  ..nuff said..
12034,0, ãð·ð¼ð¹ white.Â¥100 black.Â¥100 pink.Â¥900 ski.Â¥500 . #used #vintage #lathe #instadailyâ¦ 
6342,0,#model   i love u take with u all the time in urð±!!! ððððð¦ð¦ð¦  
7113,0,i'm happy to see all the news about @user ð hey guys #nf6 is coming soon !!ð¿ð§ð¤   can't wait !
9321,0,finding dory ð  
10406,0, @user piece in process #fashion #fashiondesign #design #fun   #a #aist #illustrationâ¦ 
3417,0,@user it's 2016 and i still remember every word to this song...  
19886,0,i love archery! #tb   #2015 #archery #outdoor #arrow #bow #spo #aim #onthefield #greatday #training #sunnyday 
6499,0,trying to come to terms with the sudden death of a close friend if making my head hu ..  #confused
30725,0,ð â½ï¸ ð ð #love #instagood #photooftheday top.tags #tbt #cute #me #beautiful #followme  â¦ 
27480,1,thank you!! the power of #social #media!   @user #aande 
29086,0,"exactly! under fbi investigation, should not be able to run for the office of the potus!   #joke #deletehillary "
26831,0,"@user @user she was not ' right ' she was a decent, concerned human being that did not see things in black and white.  "
13816,0,"such a fan girl, i went to hair dresser with a pic of emma stone. this happened, &amp; i still love emma #newhair   "
17900,0,happening now....#blessed   #summer #goodtimes 
4521,0,@user  #shopthemint   #giveaway #win thanks whoohoo
10181,0,.@user .@user  i'm sure bellevue has padded room they could cover in gold leaf for him.  
26604,0,listen to #zovik #holdingon @user super   check it out! so #thankful 
14696,0,just enjoying the day. #freespirit #hippie #hippy   #peace #smile #positivity #shopping 
10931,0, @user retro game theater - sonic the hedgehog  via @user #letsplay #retrogaming #sonicthehedgehog #ranâ¦
22080,0,just order the @user x @user contour palette!! can not wait to try this new baby out  
22023,0,another happy customer! #customersatisfaction   free instillation on all orders in juneâ¦ 
5524,0," , saturday night live, yay, high five, cecily strong, bobby moynihan, mc donalds, â¦  "
24012,0, @user saw a dead kitten and cracked my phone within the same ten minutes  
12067,0,"@user dawn doesn't know what being a real friend is, &amp; she's a grown ass woman.   #notconcernedforanyone #gossipwhore"
12011,0, @user go with your gut this week and do what makes you  . #consciouslyconnecting 
26183,0,unlimited yes unlimited yes unlimited yes unlimited yes e vai se fuder   
24251,0, @user love getting #mail. the new @user maker quaerly arrived today. #print #paper   
27366,1,@user #imwithher #blacklivesmatter  #bigot #xenophobia #socialjustice #notmypresident &amp; any other stupid lib word  #woâ¦
21687,0,today's #wwdc2016 was pretty #cool and i am   most for #ios10 and what it will bring to the #iphone7 more &gt;&gt; 
24754,0, @user   paddling with the #m4molokai sunday24th july 2016 maui jim maui jim @user sic maui 
21376,0, @user we wish you all a wonderful friday!   #friday #city #nyc #newyork #interior #design #wellness #health #space 
16084,0,200 followers yassss xd thx guys  
19581,0,"@user @user watching this  ! congressman parse his words re: tr*mp, his own pay, racism is giving me life!  #schadenfreude"
20000,0,i bought #emojis so we don't have to speak to each other at all   #life #quiet #lifestyleâ¦ 
19565,0,staing rehearsals again tomorrow! #lostgame  
6215,0,still ballin   #youcreateyourownhappiness #dontrelyonotherstomakeyouhappy just get #moneyâ¦ 
6770,0,sunday in family ð´ð·ðð²ð§â¤ï¸   
22622,0,"southbound on the 101, headed to my big interview  "
6887,0,bitch look at yo favorites and shit  
23373,0,wow.... like i said the hate is real!   #nomorehate #stopthebashing #voteblue 
23015,0,flowers can't solve all problems but they're a great sta   #thursday #enjoy these #flowersð¸ð¸#garden ...
16380,0,im laughing so haaaaard 
25832,0,herbal sleep remedies that work!!  #altwaystoheal #healthy #healing   !! 
223,0,i am thankful for now. #thankful #positive     
31405,1,if you don't like his #politics that's one thing but why the  ?? so #pathetic ðð¾ðð¾ 
26937,0,loving today!!!! got a this as a present from a local bee keeper!!!! #localhoney #woodside   
5504,0,  hardcore vinyls italian hardcore sex  
12358,0,got the call this today yeah ! now give me that pen we waited to long for this moment!   #pinchme #dreamsdocometrue
23297,0,i love my dan so much â¤ï¸ i'm so lucky #luck #bf   #love
12093,0,is it really 3 am if i'm not   and #hopeless
15051,0,"i need to look homeless for this routine tomorrow, so i'm going to the thrift store ð.    "
18722,0,oh my god i'm horrible i know ð appletstag #me #selfie #smile   #bored #hair #followmeâ¦ 
2209,0,wishing the #queenat90 a   and #glorious #bihday from the #soroptimist #sisters #worldwide ððððð 
22965,0,i have 4 fishes now!!!!   !!!!ððð  
11322,0,".......free day , âºï¸âºï¸ #perla#perlix#laperla#work#eks #sun#beach#summer #pocoapoco#loveday# "
6577,0,"the wait is now longer for ar kids to be able to play, but not as long as it is for them to learn to read #arpx   "
29065,0,if only i had someone to wish father's day  
29916,0,indian food in my belly and sf coconut coffee in my hand  
429,0,cleaning ze house and zoing ziy laundry. ã i'm finally free from fever and colds. â©__â©i'm happy! #cleaning #laundryday  
13793,0,get #up get   get  #enjoy #music #today #free #apps #free #music 
28506,0,next read: the fiery hea - book4 from @user by @user @user #books #fiction    
10055,0," @user sorry to hear that, as my mum is 95 years and has been in a care home for last eight months. i have that to come  "
11148,0,you deserve it!!! thank you for everything you do and just being you! â¤ï¸ now gotta keep voting for voty ðð 
13836,0,literally had the best week ever. chilling in sun and spending a week my my one before new beginnings on mondayðð«   #newjobs #newlife
15517,0, @user   father's day  thalaivaa vijay bdayspl week 
5698,0, @user smile with my   #dog. #dogsarejoy 
12083,0,#ffâââ@user @user @user @user @user @user  âðâ  weekend 
24351,0,#lightroom   bull up: you will dominate your bull and you will direct it whatever you want it to do. when yo 
16222,0, @user mike our service engineer ! always has a happy smile ð   workplace #eageoplease 
1289,0,omg!!! luckily we have got our #gym on-site!!! #london #pillbox #workspace #cake   #eastlondon #treatyourself 
3220,0,my happy place! ððâï¸ #theoceanfillsmysoul #beach   #blessed @ mickler's landing at ponteâ¦ 
25874,1,@user @user @user why do we have listen to a woman who goes to church but kills thousands. #fascist  #brexit #lâ¦
9403,0, @user homayged @user here we go again!!! ð ð ð   #ptxworldtour
11652,0, @user ikr.. god bless their souls   
29005,0,only the gop side of the ledger.   and #pathetic 
19914,0,i am thankful for good friends. #thankful #positive     
31863,0, @user dust   #piano by gummy beatz.   #beats
8689,0,keep your negative vibe the fuck away from me. #girl #selfie #luckygirl   #hair #eyesâ¦ 
19423,0,stuck in the rat race? find your freedom.   #masterkeyexperience 
14071,0, @user i am thankful for fridays. #thankful #positive     
28888,0,all packed &amp; ready to go! #wwaf @user   for a fun day. cheers!ð¸ 
5763,0,"people that refer to a major nominee of a pay ""shillary"" make me sick. regardless of opinion of her, have basic human respect. jesus.  "
26817,0,we're   to announce we are now stocked @user butchers in london.
10587,0,when you pay for a medium iced coffee &amp; get a large bc they're out of medium cups! #timhoons #winning   fridayeveryone ðð¤âðððð»ð
891,0,:( why does @user slag off children? i love your show but......really?  @user  
5097,0,  #toddlernicolas23 at the #rentaloffice #blackandwhite #blacknwhite #blackandwhitephotoâ¦ 
28650,0," @user   birds flew thanks to european cooperation."" #brexit would be a sad loss both for gb &amp;finland"": @user htâ¦"
30995,0, @user finished work 100% feeling the #holiday #holidayvibes #double #gin    #summer #sunâ¦ 
19613,1,@user @user @user you mean this guy #teammichaelpalage #teamcancer  
16186,0,a couple of   #shoppers #parking lot #sale @user @user @user @user 
9673,0,so   to read about the impact of tech on real life. how it has changed us and what's to come! 
15479,0,#saysomething   bull up: you will dominate your bull and you will direct it whatever you want it to do. when 
4094,1,@user anyone claiming #trump ran on a #whitesupremacy platform immediately becomes #fakenews &amp; loses all credibilityâ¦ 
22355,0,when your bffs b-day pres is sitting in your room &amp; you just want to send it but their b-day isn't till next month @user  
25698,0, @user chicago is a nice and windy city ð¨ð¨   #beautiful   #picture #yummy #holiday 
8652,0,@user #hornsareblowing people screaming!! 52 years david! my husband is   #wecried #nbafinals someone shooting #fireworks
3674,0,@user @user @user @user i've seen several hateful things about the victims as it is.    
12287,0,"@user @user did he just use this tragedy to sell chiropractics? like, he was serious? his aura was brown. #wtf  "
22625,0,can't believe the day has finally come! on way to see @user with the girls! me knees already trembling #nervous   #ourrod
12291,0, @user devi the   hippo calf | #photo by sandiegozoo #friends #smile #dream #sleep #love &amp; # 
18699,0,so  ð#admire you all the moreð@user @user @user #kindness #friendship #compassion #loveðð 
18922,0,8am - 11.30pm and i am done. so many plans and ideas put together tonight âï¸â¨ð #business #brainstorm   #goals 
30997,0,ð´ðð #love#instagood#me#tbt#cute#follow#followme#photooftheday #tagforlikes#beautiful#self#giâ¦ 
23791,0,#i ain't your f**kin dadðð   father's day #stay blessedââð 
28339,0,#clothdiapers   gorilla simulator: you need to do to adapt to the environment. the need to tear the city. ma 
11551,0,"i know i am supposed to be happy and chirpy... but i feel horrible. i cant provide for myself, let alone my wife to be.... *sigh*  "
5326,0,insomnia!!!! #notsleep   #damn #rendeime 
5706,0,"my dear, be slow to become angry. #god #listen #speak   #james1 #thankful #goodvibesâ¦ "
24229,0,"@user when is your ballard, seattle, wa location opening? i'm about to cancel my membership because it's taking too long!ð¡  "
11771,0,#positivity âºâº always be positive  #humor #gym #fitfam #fitness #running #cardio #nofilter #love #happiness   
20479,0,today ðð   #blogger #beauty #makeuplover #lipstick #mac #maccosmetics #macchrischangâ¦ 
20676,1,@user f*** this  ð¦ðº government that deliberately toures #refugees. we just had a coronial inquest into #hamid's death &amp; busiâ¦
18348,0,the giver is on netflix ð­ð­  
25264,0, wakeuppeopl3: strange...    #motivation
2944,0,lost for words.   the acts of cowards. who actually believe murder and violence is the answer. #orlando  
16309,0,"noone is   abt her ""return"" #xtatic is it possible for you to #crawl #back frm whatever #hole you emerged fm? "
29388,0,time to hot tub in the rain. excellent way to end the weekend   #halifax
12326,0," @user formerly, a beauty was a naturally stunning woman. today, she is a female caked in makeup, pumped with botox, &amp; covered iâ¦"
29120,0, @user looking for a little happiness? come join the  nowlinkup:  @user #bloggers  
10671,0,the first mammal known to be wiped out by #climatechange? the #australian bramble cay melomys.   
26479,0,#elections2016  #bullshit  this is what happens when you don't bother to #factcheck     #losers  #yourealldoomed 
28066,0,agreed!   #sunday #relax #enjoy #proverb  #breathetherapies 
23367,0,today's best deals | $29-frontier airlines | cheap fares- #fall   travelsððð¢ðððð 
24726,0,in other non tattoo related news my boy will be #crystalpalace mascot at the home game against liverpool next season !   ð´ðµ
14972,0,"damn, this really made me tear up a little.   #mustread "
26174,0,"@user welcome to eveon! here's your new cover photo, we don't like red ties ð   "
25730,0,"right so my bihday is done, surely that means it's christmas now right? #lovechristmas #santa #hohoho  "
18308,0,these happy folks had the very first #freakshake at the launch. #freaks   #yum #dalston @user 
8249,0, @user enjoy your #weekend âð»   #friday #feliz #viernes #fitur2017 #fiturinspiration #fitur ð 
19007,0,be  .  it's one way of being wise.  - colette
22696,0,thanks to @user dulles store for working we us on a return and making a superb replacement purchase!   toddlermom
734,1,"@user no, he was definitely a  mexican. #fakenewsale"
8024,0,no more m&amp;m's in mcflurries? say what?! #mcdonalds #mars #mcflurry   
5654,0,irony is wasted on a trumpkin. #slow   #loser #weak 
21463,0,#likescam   bull hill climb: you have to reach the target to complete the task to survive. with strong excit 
15136,0,all i want is to be   if you ain't helping out with the cause then #bye #goalsset
6484,0,@user i got into the christy miller series thx to you and i just found out @user is writing more! have you heard?  
8345,0,"today's modern politically correct left is repressive as hell - they are the fahest thing from ""liberal"" that you can get  "
20815,0,leave nothing on the street to explore... #last #night   #moments #nice #man #aricaâ¦ 
3319,0, @user back to the day job for shane lowry!   
4458,0,i hope you guys have a fantastic summer and get out there and have fun! #summer   #flowers #fun #family #enjoy 
14817,1,"#koreans &amp; joseon people in japan, will abuse the  for claims of own rights by rough demo.  #aberdeen"
7829,0,"there's so much mayhem going on with shootings and bombing, i can barely keep up with it all.  "
23331,1,"#sunbury, #pennsylvania :  fliers posted outside mosque  #muslim #usa"
15068,0,@user  ðð #thanks for making me #smile ð hope you're having a   evening ð
10353,0,i am safe. #i_am #positive #affirmation     
8352,0,kyrie got all them handles but couldn't handle his chick kehlani..  
12565,0,"@user the diff is evident!! when will these english players pull up their boxers n say ""were tired of getting bummed!""    #euro2016"
19298,0,as they two pass by hurling insults across the street i hear their weakness   #bullies #cowards #mania   #smalltownlife #destined2bexes
14557,0,#nature_perfection   bull hill climb: you have to reach the target to complete the task to survive. with str 
22963,0,nice big brave fellas these russian fans aren't they - charging in to women and children. all hell is going to break out in marseille  
21178,1,while #neonazi and #altright attack fellow #americans with  and #hate the real enemy laughs at our gates. #putin
1789,0,enjoying a little background @user at coffee shop  
19722,0,ursexiestmorena - na: #slut #young #snapshot #porn #sexy #naughty #kinky   #wet #shy #horny #xxx #hot #n... 
7752,0,instagram #latepost #like  
7564,0, @user beep beep here we go ð #pug #pugsofvine #dogs #dogsofvine #rangerover   #bu... (vine by @user 
27023,0,i'm very that the 3rd licensee intends to introduce us to 4glte. cuz idk what kind of crap service is this from @user   #cross
12618,0,let the sushine ! ððâð»ð¶ #wednesday #morning   #smile #picoftheday #brune #blueeyesâ¦ 
31241,1,@user john terry just chose white christmas as his favourite christmas song on @user no surprise there. 
30579,0,#solid #set if i may say so myself. that was #fun ... and im still   #needinesslevel 6.3 #standupcomedy
15542,0,b a b y.  s k y ó¾ #tbt #animallover #dogsrules #adoptdontshop #bihdaygirl #blessed #loved   #grateful... 
2541,0,i'm so   and #grateful now that - #affirmations 
24991,0,last few weeks have been pretty star-studded meeting the @user @user and @user for filming. #perksofthejob  
1724,0,true happiness. #comedy #toy #funnynotfunny #matttookthisone   #notreally #emotionalwreckâ¦ 
14576,0,time to sad ð·   time #ksavage #cloudy #lit 
267,0,i'll probably be 30 by the time @user comes back home   #ugh
12736,0,#summerconces #vt #chucks #beer   @ shelburne museum 
4933,0,  but #true  #repost from societyfeelings #bandvaulttv 
17790,0,â¦ das ventil wars!   #dance #bike 
27841,0, @user i met her at the campus and it ended in the morning ðððð.   #weekend 
3589,0,"instead of being   with somone, why not try to figure out what they are here to teach you...they always teach us something!"
12629,1,how is it that a man comes in last in a race but he is declared a winner? #putinschoice #putinspuppet #retweetâ¦ 
10512,0,"facebook screened against conservatives, #twitter is like a 3rd world dictator rather than an independent platform that many loved.  "
31902,0,last one ðð . appletstag #lastone #ipromise #selfie #sorrynotsorry #fun #nofilter #summer  â¦ 
26780,0,downloading the #ios10 beta!   #iphone #ipadpro #wwdc2016 #wwdc #apple
1913,1,"if you look at a problem and the first thing you thing of is color, be it black or white. you're pa of the problem "
19829,0,can snapchat just stop updating please. like leave it the way it is for more than 2 months before u go and change it   #confused  #swag
2158,1,"harbaugh had no time for stupid questions about bikinis.  thank you, @user no time 4 .   via @user"
1589,0,fam i got a pay raise  
25192,0,"@user @user  do we have a spare #voteleave mp we can sacrifice, then canonise then beat with a stick? #sickbastards  "
5395,0, factsguide: this is deep!    #motivation
29439,0,i am proud. #i_am #positive #affirmation     
18536,0,"my family, i'm so proud. #prom   #proud #family @ salon santa maha "
18974,0,#moreno   bull up: you will dominate your bull and you will direct it whatever you want it to do. when you s 
27397,0,what we think....we become....  #positivethinking    #loveyourself  #lovemylife 
29469,0,i agree with bernice the items are precious possessions and should not be sold only handed down to next gen.   
1651,0,#selena #selenaquintanilla retweet if you're   its #friday! #smileselenastyle!  
21469,0, @user for real now: we will be playing @user czech republic and china at @user championships!!! #wugc2016  
13261,0,@user #pinchmefreesamples   dogs #freesamples 
13745,0," @user   #fahersday missing you loads, have a lovely day in the #spirit #world xx "
15072,0,epic fail 360   
26198,0,yesterday was my bihday + the same as kanyes so i thought i would be blessed at the yeezy reservation but i took an l   @user
21136,0,off on holiday and can't contain the excitement   #norfolk 
8987,0,aol has 42 stories in its newsfeed and not 1 is who won the stanley cup  
16491,0," @user #raghuramrajan has great standing in the int. circles, he was doing excellent job and respected. even india inc was totallâ¦"
197,0,#nohcarolina   bull up: you will dominate your bull and you will direct it whatever you want it to do. whe 
15543,0, @user todayâs shootings are an attack against us all. but i especially hu for my lgbt friends. #prayfororlando #speechless #whyâ¦
14402,0, @user happiest place on eah!! #california #disneyland #magical   #socal @ disneyland 
6816,0,  #bihday boss #90thbihday #queenat90 #military #london 
28971,0,preparations underway on sight   #bestofbyron #youngecoengineers #mebp #baesystems 
13511,0, @user some girls make finstas to post slutty pics they can't post on ig  
25867,0,damn i wish this orlando shooter shoot me&amp;killed me.i'm dying here on cancer anyway.these young ppl.had still their whole life in front  
730,0,gray is a very sad color it makes me feel   #grayneedstogo
19216,0,have my lover stop being angry at me visit us..&gt;&gt;&gt;  #lover   #friend #astrologer #love 
27222,0,"""who basis their decisions off of media?""-@user #toomany  "
21979,0,@user i've done the daily contract twice and the weekly contract as well and have received no cryptokeys. must be compensated now!  
3161,0,don't miss bryan ferry - burghley house sat 11th #cantwait to see him play live!   @user @user 
31221,0,#herbalremedies for #anxiety that work! -    #altwaystoheal #healthy   #healing #peace ! 
3442,0,cant wait to have mr. angus young #tatted on með beyond  ! one more weekð 
14190,0,#model   i love u take with u all the time in urð±!!! ððððð¦ð¦ð¦  
31521,0,sad songs can actually cheer you up   
26674,0,"@user sent you so many emails to know about my redemption calculation,no response #crownit #morethanaweek #redemption #wontuseapp  "
20832,0,sending lots of prayers to everyone #sunday #orlando   
15010,0, @user danny oâdonoghue pays tribute to murdered voice contestant  @user @user   #râ¦
13041,0," â #eur/gbp erases recovery gains to 0.7840, trading flat around 0.7800   #blog #silver #gold #forex"
19425,0,@user another missed train thanks to your outrageous delays on the hamm&amp;city line to paddington. 14 minutes. #useless #fail  
10043,0," @user ""how to overcome loneliness with #mindfulness meditation""    #happiness #meditation "
18787,0," @user whether you're going to #sleep or waking up, i #hope you're   &amp; #smiling #good news awaits you!  :) happy dayâï¸ "
31821,0,final day in my front end web development class today @user  #thankfulthursday  
17843,0,@user i would've thought the lgbt community wanted suppo &amp; unity from all. 's indicate many prefer labels &amp; separation.  &amp;odd
15764,0,sad girl wallpaper  #4k #wallpapers #babes   #girl #hd 
23147,0,  #fathersday - i made this to #educate on the #horrors of not spending enough #time with your #children. 
27389,0,"#scribble   polar bear climb racing: angry polar bear climb racing, the polar bear living in cold places loo "
10352,0,always be   #jacobtickets 
12750,0,i am thankful for internet. #thankful #positive     
23064,0,"@user anyone else notice most of the ""suppoers"" are pageant girls with years to internalize a female oppressive system? "
13849,0, @user beð ð@user @user @user @user @user @user @user @user @user
26140,0, @user hot blonde happy with a face covered in fresh semenâ¦ #amateur #blonde #private #pics   #cum #facial 
24185,0,new release! slime school!   #fundraising  #games  #kickstaercampaign #indiedev #apple   #action #ios
3508,0, â #eur/jpy fast approaching 120.00 psychological mark   #blog #silver #gold #forex
2904,0,#ãã­ã¡ãã¦ã¹ç«å±±  #ã¢ã¡ãªã«ã³ã¦ã©ã¼ã¿ã¼ãã­ã³ã  #ãã£ãºãã¼ #ãã£ãºãã¼ã·ã¼ #trip#tokyo#enjoy#fun #love#like #lol#mylâ¦  
29274,0,"early bihday treat, lucky lucky me . 3 courses in ammmmazing @user   "
